Temperature,RH,Wind_Speed,Rain,FFMC,DMC,ISI,Region,FWI,Region_encoded
27.243561663863076,75.85293712157961,3.702658576772393,1.0980870822023903,26.170568373590598,248.2556766318909,33.6351497104449,Sidi-Bel-Abbes,46.227334977774774,1
35.310000289738824,62.88770930752963,10.838018947567162,0.9785315872728741,24.697879907199983,229.3583383964153,39.834069859568615,Sidi-Bel-Abbes,45.87575559217624,1
32.24791518535967,44.76220930290622,17.458916717528165,0.038964830913021706,90.62545805210367,172.05868543667196,12.523394939624948,Bejaia,52.65769171296093,0
30.381218778758512,85.10360157655589,14.644497728191224,0.6261118221161965,24.95461998495061,286.81414308357995,31.243704980349946,Bejaia,48.520046803698676,0
24.18426096619411,74.77849380431034,16.131222957228996,0.7175270473482078,27.1949726128631,60.14235465852084,28.587299157187434,Bejaia,15.12711103514905,0
24.183923284706836,33.00935514759131,13.175667334214348,0.7632982712969988,75.93982624179637,32.779263092886424,41.64151883941356,Bejaia,32.6703607356405,0
22.813170570354792,92.8741747595074,13.84553129035705,1.3018665822979059,44.973984245054,256.1885900866266,45.304353024063026,Sidi-Bel-Abbes,51.394580567789475,1
34.126466040849095,85.80297943385352,16.983913031306386,1.1440756565293033,77.67105569551812,131.74494499012448,0.6078385738693404,Bejaia,34.29388790095946,0
30.415610164404924,95.98399306335392,4.993360177183719,1.4043770374122295,6.536615756438524,254.09065626211813,33.700995952939635,Sidi-Bel-Abbes,37.72941226521606,1
31.913016089144637,78.0575606710688,9.78849927286281,2.1715096931803215,48.75711936733843,267.9270615586245,2.5917899559864512,Bejaia,46.969510948139224,0
22.288182920141235,69.07321567486319,4.4241888363920445,2.514855602227747,3.3613600183282633,18.73727808572143,27.442933253867796,Bejaia,0.0,0
35.57873793026792,53.45944290324951,19.75336015993294,1.8994271157470863,6.265320345535452,265.0394288958182,14.38163645218391,Bejaia,47.49348053882193,0
33.654196971205906,94.61827866832107,18.881186793732265,4.669198087506308,90.64374533444109,134.49571661082666,15.33882997610706,Bejaia,35.616411437622894,0
24.972747549495868,89.28511116003267,0.788536227370118,0.02760126687405004,13.924537111759516,153.12974670126965,17.64792517261783,Bejaia,19.593235565743292,0
24.545549540899408,23.617493608495153,14.11150345031377,0.32681986606876945,53.24206822752171,187.97775332796306,31.064622452480506,Sidi-Bel-Abbes,49.70768414041634,1
24.567663137948074,22.109357959780162,18.504966348313317,0.011387427797123532,41.10956026007065,277.914782019026,16.70249828343846,Bejaia,65.00269258191655,0
26.25939140143353,50.117069350243966,3.6115069025466706,1.5639493896116274,34.73433262588427,5.7348283289292095,36.63495252951402,Bejaia,16.9332580028648,0
29.34659004285133,84.84426646254663,11.358904611052589,3.4246230150997152,89.98333456872724,143.05304049534513,20.226369278693486,Bejaia,41.407068265259234,0
28.047230260989622,98.98209034519556,18.309765951760838,0.4185440164166602,2.18233967754895,206.3166127291682,3.4176600154979306,Sidi-Bel-Abbes,26.026383687551625,1
26.077207962772587,32.033351288282255,0.6789195717159768,3.9266537493355784,66.37896861755891,216.81208730946852,39.187992124205365,Sidi-Bel-Abbes,56.38718641271877,1
30.565940526113312,67.5304572281708,13.948405344936798,0.09323985290808096,96.33944342135504,207.7597294611324,14.2879162296353,Sidi-Bel-Abbes,56.9399898064254,1
23.952914049128587,50.47126853048172,5.946980147451015,4.087093384500177,56.016818346184195,40.33053882243656,21.638343979963132,Sidi-Bel-Abbes,22.35603326565145,1
26.090025079493053,97.59315182516826,18.487923907530607,0.6499237189598076,93.68224620330918,89.81867651150436,34.27219416109508,Bejaia,35.292415395487176,0
27.129065806111683,87.36951385085669,19.421164903307357,0.1604106920879053,5.225787928602377,107.61465762510404,16.6228078574356,Bejaia,16.879864835566334,0
28.384979779038503,87.06629637689103,18.885329782268677,0.9979238233491174,41.87933190741614,241.3311623038515,2.8292828073357814,Bejaia,42.53558983279726,0
32.99246345950219,57.49545278359762,9.484284333149276,0.4451378446172578,26.015779096205115,83.6279617243659,18.69605235064068,Sidi-Bel-Abbes,23.14157417512614,1
24.795432950217037,53.185560187013216,17.240853019786268,0.5029424888874929,73.08209649807299,63.21148916016095,47.22242913471517,Bejaia,33.22431000477049,0
29.19928213779056,41.8725657544565,16.890987970701406,0.5507156807419179,98.12970904972467,287.23440571142885,32.08671986492791,Bejaia,74.97868761954904,0
30.293803964068594,24.51003973207417,6.382009464865113,2.4370245299481352,25.65300624442478,2.65898553404067,33.57395743336035,Sidi-Bel-Abbes,18.181205220233615,1
22.650305778079968,89.17779010040425,16.57830948301355,1.1620607072073907,65.41746014740745,299.3462567045935,31.614107681881993,Sidi-Bel-Abbes,59.095943892545016,1
30.505627926620136,85.03208073040621,0.7401526943098524,0.5594410436301788,19.809763275974014,203.0463896572187,9.949606947971839,Sidi-Bel-Abbes,27.339264239511085,1
24.387337731622083,99.97741386289044,11.92539756964106,1.4136971414317685,56.53302545716099,248.5407898347351,20.916693205114008,Bejaia,49.38922529989166,0
22.910722301793914,99.73094696591244,4.6001767457540605,1.888967586972152,46.39324866883362,88.38581890385795,37.54698991816591,Bejaia,22.826528147449007,0
35.284397521546666,64.4345364482102,2.411337715545576,0.47746761331206905,97.2005329631537,4.294583300117994,5.068644877657958,Sidi-Bel-Abbes,25.174652214945272,1
35.51884846304383,81.51899321444084,1.5390640325841831,0.8004995009386532,60.85272726964666,221.36085556845902,13.892638804485614,Bejaia,45.842577186963865,0
33.31756287363046,95.58125839059424,13.925775517562794,0.1949684392821008,34.950637208681876,250.24337910020273,13.815955423292682,Sidi-Bel-Abbes,41.56132597973361,1
26.26459276842719,87.97179125419292,6.797499275361323,0.2997803515832081,11.409578488793336,222.14283958605574,21.6009463797253,Sidi-Bel-Abbes,29.86483935184273,1
23.367409596089374,39.78784813945581,14.49533543057523,1.7144005389392554,15.124682873493455,42.855086190251576,49.01843704710925,Bejaia,21.223595604998685,0
31.579262371170195,56.04353082480748,1.3071268159788474,0.30030984222547086,22.53169299512351,226.02837667709073,3.375127334191097,Sidi-Bel-Abbes,39.158820882032046,1
28.162134912354418,30.3327532121196,6.305806756612206,1.11717674959815,25.0966661340298,230.6768346322923,25.935049719029752,Sidi-Bel-Abbes,46.795423691008416,1
23.708535287826905,96.32408218069779,10.789825847506744,1.8518864991595283,85.06160578411378,197.56215470101648,8.968234100610523,Sidi-Bel-Abbes,42.64275368321139,1
28.93247674155778,68.49397075607041,15.814463296779271,0.16954632528070565,56.12227882825249,229.83477983867587,48.53382727048721,Bejaia,55.23819777255452,0
22.481439295613058,38.29142444027702,6.375050058641398,1.2566083088522202,52.33909113743665,253.77643190331963,5.66517523637321,Sidi-Bel-Abbes,48.38540107991646,1
34.73048562910295,73.73605475246853,12.517827528740181,0.4447064401387262,11.476887186921747,184.08123427123752,20.180050118079564,Sidi-Bel-Abbes,30.301785163007303,1
25.622919742400235,69.45025923663167,17.71955496472374,4.942294457711888,86.0139693349435,26.58141419090372,36.89424924173031,Sidi-Bel-Abbes,28.002871118205313,1
31.27531198095575,48.65301744262724,12.31726376364609,0.9911525569902107,72.28143032084837,146.28834290016326,35.227721401372264,Sidi-Bel-Abbes,52.23499302480059,1
26.36395506525175,29.08460737597032,4.659189495072676,2.4597880761530386,6.766836190000158,23.29480040148152,21.136431844696613,Sidi-Bel-Abbes,13.071486386756165,1
29.280952296489353,73.72585564742397,0.4880156311307604,1.1985168749904167,70.78350972297687,122.26290930972925,17.326208397635913,Sidi-Bel-Abbes,30.82205758516359,1
29.653943910805914,61.62461607230347,17.401977478018598,0.06657457391979918,54.353821734264606,122.1319467376883,19.88061892764353,Sidi-Bel-Abbes,36.03134293167526,1
24.58796237735738,81.78547133885115,0.42538821700774276,1.5042089753615286,8.172534574677826,19.802953242072473,13.213813157931964,Bejaia,0.0,0
35.57418478870382,61.61308008895947,17.49403345368399,4.536300780187099,45.830064152865646,104.6461601908438,10.26664693533999,Bejaia,31.893265920538262,0
32.8518595270556,88.1745200254832,10.57874268054424,1.3804926341307369,48.469628713004695,33.299429637394454,24.1519848779445,Sidi-Bel-Abbes,14.669885287502089,1
35.15298518189865,64.15254710195885,18.781353970257925,2.5654533220615936,16.577454016327575,242.47056300276665,13.426687803380366,Bejaia,43.289057035204976,0
34.52758290598708,64.87503772283091,15.975664715473307,3.23391979523105,94.56981470002823,284.3064077893412,14.373083244862507,Bejaia,71.27084984249296,0
30.37059970335519,90.1322882126676,19.95868221066675,0.38831109875475034,84.99753714806619,21.694942577381582,32.837803173727856,Sidi-Bel-Abbes,22.536552661398428,1
34.90623929032364,52.27862929699177,7.014236309034203,0.3574711412702336,66.90223373291083,286.5345621875104,48.42686658499461,Bejaia,67.62941396805405,0
23.238895028726873,30.72121827605126,15.343765778622538,1.4161905970642956,46.22955610006072,156.77297980102355,30.181860027968753,Sidi-Bel-Abbes,42.92988000856522,1
24.74376007386803,22.302614105067118,8.038618272184843,0.7940661485003659,41.17655415845085,89.86970338616217,3.848973353248314,Sidi-Bel-Abbes,30.71013774735001,1
22.63318204474753,80.41098045388952,9.597512406078177,2.7475724732533857,65.09734671509541,23.058622582849054,3.779180692703349,Sidi-Bel-Abbes,9.322902190020939,1
26.5546246306857,69.62476410827718,12.550109264367402,3.4542245305692836,54.543186940690546,150.18728042112534,47.5711610422783,Sidi-Bel-Abbes,35.592338314724415,1
27.44148205565275,76.32638144793788,17.473542283726776,0.654090717635272,6.227310588188562,238.3546633472246,14.864539515366681,Sidi-Bel-Abbes,34.903407933289905,1
25.798886444834544,37.03713292071286,19.681669383985902,0.40549142191266463,51.25026487703317,212.12594318000944,4.603349304123771,Bejaia,49.89954977162071,0
33.602325128127006,30.90971804694158,15.365468277290365,2.274778943688673,80.64036172328395,15.06780343919213,29.952229357519077,Sidi-Bel-Abbes,36.787326593955754,1
26.99454657371025,21.163573253430556,8.355335643346676,0.48197418410124865,45.923987759695805,21.870550610371055,31.182438914513305,Bejaia,25.142496839730306,0
25.93308313562333,48.04700470452776,8.427140045541403,2.5941433882785523,5.195657755426842,120.86198478979114,32.42524100593441,Sidi-Bel-Abbes,24.26558781206506,1
29.59774516421548,67.19341494837064,14.75164603177783,0.8267899511331153,78.6278199384033,88.58714821438298,13.370101392877064,Sidi-Bel-Abbes,35.49755743308906,1
23.972939149646677,51.379523607978584,4.775542915366047,1.6518982548080552,20.13637821359744,69.71529691681435,0.7555342107237517,Sidi-Bel-Abbes,9.370131168797808,1
33.230757730556554,54.99799376189833,2.209482262627893,0.1506180259366887,25.862083488803876,84.30134967261408,48.25076847272359,Bejaia,27.269824570859598,0
23.043709011516793,92.33269555949987,7.09244315281553,1.4666881035980612,16.47063534322959,241.04482298906538,12.544652284555124,Sidi-Bel-Abbes,32.52793177504593,1
35.816417112407244,47.86043736186403,5.744779833081635,0.9015842069441775,33.02150648714976,278.7684160895562,33.801314402627376,Sidi-Bel-Abbes,59.6737355739336,1
32.811426770153204,61.119159132784866,5.926162409119802,1.3250401560999072,75.6751505688635,121.53080835826992,35.331493493935476,Sidi-Bel-Abbes,41.571110758608654,1
24.782019541478412,82.69224101929144,4.672155020998199,0.27590987238473685,51.93858595039374,271.8333006397491,30.500370853974285,Sidi-Bel-Abbes,51.49798770226382,1
22.077309639730434,51.72342258570161,0.8418637927272377,2.0026819571227987,20.488127415071254,96.4487103743646,15.645369710682411,Bejaia,13.946277393208621,0
33.41645999836768,69.76693601822987,0.3574786946682762,2.9794413948178162,87.78300781520409,142.93109590313748,13.554812688203288,Sidi-Bel-Abbes,40.60711051282739,1
31.896002813866637,88.98909669973962,19.75444779472063,0.36643549003280906,87.95818549515292,67.80869934479992,29.883414135135155,Bejaia,33.742056652061066,0
32.20610035257382,95.96164989261138,8.555462674717248,0.15091531689420146,87.05784250460069,192.14281265275318,43.304781680584576,Sidi-Bel-Abbes,49.01997878843874,1
32.79778485360324,31.765878474323035,7.686532943193633,0.03588368989736099,23.87962113815393,293.6943345524427,47.33668644616978,Bejaia,64.2449125335237,0
23.036625124277265,94.12701001291956,13.592945653861397,1.5407140320743808,45.12393441809881,181.04792881301358,5.295290220187882,Bejaia,30.361431951690754,0
27.018520199619815,59.369303446363055,4.365077757301283,1.401277459985877,98.49896561408751,107.34422523406467,7.7414306298859925,Sidi-Bel-Abbes,38.335892201103185,1
23.622166833351816,40.659551063916666,18.99922367900451,1.1867931200753485,77.20124763099903,194.3452337971585,47.236812939153985,Sidi-Bel-Abbes,59.92633118421281,1
34.08344796225831,56.7308604990609,15.726900288311041,0.3958449944119332,2.716742122555982,36.87620353961627,36.82676141673963,Bejaia,12.848816047030914,0
30.72617377558581,98.40260602283817,1.7882200462451903,0.7436739975978077,6.5204591260492055,266.5977240796196,44.149691241488654,Sidi-Bel-Abbes,39.767685617645974,1
26.63257234793709,59.40944751942957,8.351615515698567,1.353864071308983,46.39313768123328,150.9251852339509,10.131631706767157,Sidi-Bel-Abbes,34.70905900665193,1
22.88981690400433,46.300128823000655,17.582366151243292,1.030052572487874,90.92202058615601,134.8049226118926,29.379293555470092,Sidi-Bel-Abbes,49.28231714339265,1
26.35375250401927,70.67206834533806,18.894640445828205,5.1890937900004435,53.870179795271426,175.75943653605574,35.056979720873684,Bejaia,41.61493200877828,0
26.552566508374458,39.21164950225545,9.348030224997395,0.22003741892299097,49.781250803429025,187.43515883682073,34.00559427234863,Sidi-Bel-Abbes,49.31377903335024,1
32.214486496732896,26.06906624869311,12.268227784214154,1.7818763436306955,10.547369995663058,21.53274186795391,20.407584543334906,Sidi-Bel-Abbes,17.49006950159937,1
30.925804598972984,30.310377752851938,3.3406789218415045,0.7770744012155991,65.6780104724294,204.7851663670207,0.7697445845654238,Sidi-Bel-Abbes,46.83040416019476,1
34.42097839606857,30.243667116621793,19.823372522739533,0.8384479884775736,82.21031606002255,72.57950409465887,29.146302840213156,Bejaia,46.75413450221827,0
28.61100895226729,32.15221548098355,4.6334340276688675,1.8966342921285793,38.04200075075623,214.18578975197693,12.655076958980437,Sidi-Bel-Abbes,46.155085829340486,1
23.674319443136223,31.10617381195281,18.854635482702513,1.7686088629797219,77.56118509253275,246.76043831525902,22.51271230714452,Bejaia,65.29027985498911,0
31.98542702112193,71.26997958425717,12.99293297984737,5.1890937900004435,96.44766539008116,241.1875522657561,47.879050754190864,Sidi-Bel-Abbes,68.84001730079494,1
32.65099068063657,34.55040675193159,12.154735897577183,0.20612718620487466,20.376645912768907,165.75029022236674,19.951765882121737,Bejaia,35.891524313331395,0
29.857880765972947,47.65338266590906,10.253770220330171,0.16490587506098311,52.33296311947413,156.05096769322535,41.990080333221336,Sidi-Bel-Abbes,44.41828263779501,1
32.79354051936385,91.74307279248094,4.613396234355173,1.9328741485103134,28.713795808457554,42.862788401823515,9.427030287462557,Sidi-Bel-Abbes,6.904345495744226,1
28.91313834910147,57.916931221029785,3.5305606401101652,1.2955008757019706,79.28544190338394,232.6038451209407,33.62302490125144,Bejaia,57.35962445095933,0
29.318259611347916,73.40461908168217,4.409724181403507,0.4806398886750392,57.75933658811575,81.42281413401432,48.85034772194717,Bejaia,34.6211476686051,0
27.985574257019696,33.78558969613039,3.7287652428850904,0.12412603102169621,63.45824175503038,149.00862684538396,5.094655043646839,Bejaia,39.7066978078514,0
22.355867774417334,35.38312150469366,15.591689471335066,0.13432630659586192,79.79141596158941,85.28222787825501,0.4159971113596006,Sidi-Bel-Abbes,33.66775085686093,1
23.51047997790626,23.26948930131831,7.002505183334602,3.3691777686983837,39.59704726624549,40.148508899907945,21.67913963163072,Sidi-Bel-Abbes,23.77884827481823,1
22.44000859961428,33.514805045773166,1.1568535312679273,0.31954354778994604,91.50900684070432,188.86730906752098,4.63127415256836,Sidi-Bel-Abbes,49.89991909430656,1
30.909745757692924,42.287227122556686,19.382052602816227,0.5859494894213713,53.302886724614,16.29961044687115,37.419217483811565,Sidi-Bel-Abbes,26.12733656571079,1
26.40098373506857,34.160838742139745,17.675717699268514,0.3855477451434499,15.7954822835348,224.59357023786,45.727433192427945,Bejaia,51.11922952001719,0
29.11998967630584,27.096202700564447,18.55504566390426,0.6577488522156312,69.58991181688025,95.276038578335,21.701048635437942,Sidi-Bel-Abbes,41.397610986435815,1
34.7059306349653,29.650869688048065,19.898156452928706,0.10792704109744475,79.32613504382545,0.04040790134559602,12.935582107772047,Sidi-Bel-Abbes,29.69347366662225,1
25.490091208084248,56.86230144261806,3.477904984389746,1.0980184830383022,31.67616770675267,153.33874177116894,21.72016595033049,Sidi-Bel-Abbes,30.89167313078916,1
27.74536092249882,36.5066974724634,7.924840378053175,0.10501026956616205,85.7179256998753,14.055572558280938,36.17239089250005,Sidi-Bel-Abbes,29.943848680857766,1
32.57771593960268,49.14158888384604,15.164769514081826,2.416833063238878,90.61432547657664,82.85086734626984,0.4527080790185489,Sidi-Bel-Abbes,37.7929686354668,1
25.203174316882716,60.27338166838855,13.920412361075844,0.39929596152630903,27.690448737780894,212.09294623671485,29.472699474234858,Sidi-Bel-Abbes,45.69536837748975,1
23.077718737603103,75.23158629034923,3.077918126797101,1.164832036722892,98.3521472715222,18.80688648655976,30.664584244368953,Sidi-Bel-Abbes,25.80099277986354,1
26.05652034079275,23.144971187287915,16.316662499812356,3.1813842247346127,14.071152804875842,251.8015477068007,31.884412344796775,Bejaia,53.43275387797215,0
24.25709802155606,83.95283191272341,4.488811436733213,1.578498060615396,20.201566840248997,1.1459767975749324,12.101103999043861,Sidi-Bel-Abbes,0.029989473111558196,1
35.01576713279602,70.23203115927262,4.476352296452461,1.1420034488620976,18.422483923802613,74.04716076057068,35.70263616890634,Sidi-Bel-Abbes,17.330137743290063,1
33.313685313901836,26.540722555909753,10.739488457868271,0.588084063726219,89.39897100078704,222.27121684562144,4.56957431658882,Sidi-Bel-Abbes,66.24744540191317,1
30.867652591145927,89.88628992854218,11.858798696834063,0.6074521518357702,65.42925523249619,94.88104491879203,9.96351682334004,Sidi-Bel-Abbes,25.987943884433335,1
34.20044826262804,93.66979204254505,11.601724156756223,1.6606637258546042,15.210428322227287,30.567716419804057,43.873502332724094,Bejaia,13.526547129457843,0
33.251409076587606,24.8862367883891,1.8297367479550974,5.1890937900004435,44.032341836834895,108.07017564012837,36.93615753632832,Bejaia,37.6414886977313,0
24.6119808244045,42.1502118517763,17.54921725260761,1.6263505904478466,61.529802506980204,81.11798591535766,0.6872777005672626,Bejaia,32.74702730509025,0
34.495825978859685,84.4961023834449,5.312000851774121,1.2239332664519718,8.34640849893833,252.81357064816646,12.41881301849001,Bejaia,38.16664543181697,0
29.55079138681911,79.86077523069267,2.5902984256560835,1.967618286289217,88.24163684073388,94.00437527554294,10.720324149658229,Bejaia,32.496075808277965,0
33.30416217229688,34.76168154851018,17.774961597379544,0.9388093919736133,80.36035354415351,236.67974153280215,13.540316401848628,Bejaia,64.37943744743131,0
34.545278198928905,36.747945866936824,19.113029964595068,0.09304026522482632,50.52067735766382,267.5616434432204,12.377988513994321,Sidi-Bel-Abbes,60.614601077007066,1
26.452048649606095,49.63776822331056,17.24255234530901,1.2393213902159417,96.71266152591704,130.14522587295886,3.126314787142287,Bejaia,47.19678719979376,0
23.540726943387476,58.761838815281706,16.19032149449756,4.741805140943002,41.77609792750997,272.9829431563176,22.947025829841017,Bejaia,53.52580889102967,0
25.191092275587184,69.46038172242368,13.104839612780435,0.2891087444110553,98.41103190364979,113.19541618895785,36.63667373930826,Sidi-Bel-Abbes,40.57733215061085,1
27.97950904076759,49.51309116558179,11.017147412182787,1.756798137702387,66.79199988036271,289.22352494703244,30.33658623587182,Bejaia,63.882599813076986,0
33.4522067229149,57.002777290651835,1.7397351982282028,0.33646701561338693,63.467127325394145,26.786857357671877,33.64358342990399,Sidi-Bel-Abbes,25.104255753511616,1
34.050228165588805,79.79767505070052,8.169064261413974,1.1512491390396697,16.5954895295785,206.10577995097282,4.057458926811957,Sidi-Bel-Abbes,31.861997291578714,1
22.09732982743667,22.934656231247832,7.45377034024628,0.15251172555354134,88.1927758304644,148.1442121370786,47.57453550883936,Bejaia,56.816637982609,0
29.15046223608592,40.19495554752166,5.195075675206525,0.897767486768821,42.74896879206152,116.29464163669412,41.92459169215124,Sidi-Bel-Abbes,40.34993052546261,1
27.843754044082907,77.0679668707642,14.468402273771698,2.116884987813685,16.223340578247935,189.81356362458027,40.254515924783135,Bejaia,31.574673826484815,0
25.109509346590222,91.61654701497595,9.917514701575417,0.6405806422281812,1.260751997575904,211.15712749029936,41.149190252088374,Bejaia,31.13888358836224,0
23.678115142671558,60.93419536925329,1.6209243181529587,1.6400419093141325,55.975568363838256,1.3089808950927262,46.63552540663807,Sidi-Bel-Abbes,14.877115781519118,1
26.72661239965079,62.569078821225254,4.403664038996227,2.3804139643745255,52.739962212267635,50.08592662415962,27.212698305684885,Sidi-Bel-Abbes,23.586519963858333,1
35.20073585477527,28.573760907182084,13.665175273191918,3.9296020390563133,71.93536223691585,213.91381519029562,10.014100893381295,Bejaia,58.38710024963488,0
26.524841048290575,55.79298934587637,1.5226171898060037,0.4011175315733334,89.02580530178021,199.91562407346194,30.839180392627057,Sidi-Bel-Abbes,56.23798622966346,1
29.263068704407125,62.60938131640185,17.024138280975375,0.7645291993718022,7.9406584643029525,289.8142515386032,37.14407468339695,Sidi-Bel-Abbes,49.892563532616954,1
31.842265424532492,39.39764029077837,9.902930540279486,0.2480480179836042,73.14964903403623,228.3113370752349,36.89586966770127,Bejaia,65.60600296509767,0
27.090814433310115,41.539458475950475,9.61173154653296,5.1890937900004435,18.741194409758222,285.2318123194014,26.072451208344006,Bejaia,55.295524142611946,0
35.60494915809345,50.18273304836981,11.848155693190352,3.9259636457378586,85.8177053157164,210.7621504604421,3.422935966678903,Sidi-Bel-Abbes,56.9499898245138,1
35.474262129189555,21.60569582221811,16.493619318502983,1.1646533981986842,81.90635138616561,89.41566259183294,18.55564692150639,Bejaia,46.01974915815957,0
25.524952141555097,45.76633324665426,6.956184158043861,2.7680564880929577,54.07937549855444,31.609476675256943,46.038330423167864,Bejaia,27.89948699918395,0
28.961479082493398,36.91584055972357,13.560323051181271,1.1039504329474294,71.02427986233116,234.5471590034807,29.2224454878713,Bejaia,60.5977768048902,0
26.212296337434775,46.19978817423317,11.314639279915822,1.4655972729325963,31.43501131837484,193.24476644277476,26.91659716278567,Bejaia,44.114265977686394,0
25.987766921284546,29.580970545540097,5.3405654033884264,0.14002346931453272,47.116789893281464,14.455803717988868,13.442675719109676,Bejaia,22.602283394342624,0
22.516417262963458,91.2421824591916,17.57259972710316,2.1114021527336084,82.16368977104716,108.0151397702935,18.422445995828944,Bejaia,33.50014215827281,0
30.533900675718556,67.48739628432389,15.948520432138562,0.20495600284336069,45.92651971732139,287.03994464528586,44.76730445765846,Bejaia,60.06635098842733,0
29.03750632520406,74.32818553155917,13.16903669316851,2.6236331024030086,35.77982653254418,150.12034371306038,33.32315237634179,Sidi-Bel-Abbes,34.40908028489402,1
22.720702517499852,83.13369908858706,17.011634581884838,2.2850836005279977,49.421244725029986,129.8187408059114,39.36935133761664,Bejaia,29.628417246912704,0
25.90105049931256,59.87537591432458,17.34588401919605,1.8503326036404135,82.82492524372184,137.3098815477882,22.717271153382757,Sidi-Bel-Abbes,45.2030377055708,1
34.71572240353315,26.953623046993897,14.167259534300696,0.055245552077329674,33.520804737087275,62.66481720154912,31.512360972807897,Sidi-Bel-Abbes,32.12715927138938,1
25.353866469337614,62.968523345483824,16.74026656727344,0.5417310600773253,17.37615931357438,110.61215125943856,12.419180437160376,Sidi-Bel-Abbes,17.149388076464927,1
24.028528209277123,66.94728944167034,13.949429233385672,0.4579802087686912,71.20140203307808,110.94397679615298,35.27304151417432,Bejaia,35.03870458128265,0
28.852338643885883,79.6351579347464,13.602815435206008,0.6697503930292754,82.59782127080818,15.70650605624172,21.380066685166867,Bejaia,21.4172840518786,0
35.79910635754841,54.53276369837435,12.372227564303685,0.13758546085856643,10.063747852353334,230.2702885553755,22.12727574073728,Sidi-Bel-Abbes,42.5554706564098,1
25.388773801161005,30.2064242236451,15.054332791152824,4.145926951338111,23.98741127559447,124.9513295711637,32.466116228844086,Bejaia,32.23272614866277,0
31.4098976636823,42.702072463897956,3.172102105861474,1.2104895281447723,14.19719897609939,246.653966044927,46.81403107344633,Sidi-Bel-Abbes,51.925479493547364,1
32.66267461460205,49.046583711890804,17.61741518397857,0.5468971829214032,34.79414115821666,255.10440033596862,3.200317330431046,Bejaia,50.68461422522378,0
25.326925615893597,71.67337930652809,17.43687055490464,0.7587111466598986,45.035097890541266,63.59821640959742,41.23716186735038,Bejaia,24.460462335620132,0
32.195028880566035,65.66226437351295,0.5849456606911829,0.8891454033639454,74.88263369633064,197.20604465103858,14.619155520609656,Sidi-Bel-Abbes,46.23869632377815,1
27.148963858069546,48.4877380718277,16.516335011295254,1.3766665053311882,65.11475848816741,141.6845412488945,22.195972725318892,Sidi-Bel-Abbes,44.85490475148943,1
30.852281628310113,98.92121990343837,2.577397349468904,1.0875123780681595,62.092856747843115,264.0470213764455,1.0956664387504478,Sidi-Bel-Abbes,48.40951377977316,1
30.869415950652524,68.46198554855097,6.702377085182838,3.7772355697764697,35.23749466096544,64.72220375293624,15.05230389171565,Bejaia,16.757102720117192,0
29.50084557704662,38.97814333887956,14.870165125832155,1.0306387693811843,84.144755308476,203.34396009301327,25.131562131506524,Sidi-Bel-Abbes,58.52184733033743,1
23.264056780761717,28.1425978096323,3.215197920966164,5.1890937900004435,47.128716739816454,182.32563667581678,2.8088038673719504,Bejaia,41.78093846126795,0
33.69423493824933,32.22873113474656,16.359340482381242,2.8599976699924206,97.91049380151546,88.59044327154983,24.55478646915826,Bejaia,47.79151403533245,0
26.490920909604302,39.67661827076065,16.64268355915484,0.35075802575914783,63.41421382957368,40.98027109535178,46.35553144292137,Bejaia,33.46618535898047,0
24.61125914559796,32.85450986076445,10.149354675216724,4.001699190883281,12.626474156450273,195.49192814318297,5.2696609053902606,Sidi-Bel-Abbes,36.94835529883809,1
22.570851981766694,34.925361924104465,0.1277174343366716,0.1855691692649144,67.6177562075434,221.5792374396992,38.22203640377522,Sidi-Bel-Abbes,53.75380368151431,1
30.272501204635386,42.807613495507766,5.740762663498256,2.5510943610160886,32.5104015431699,94.688203129005,20.483552668799632,Sidi-Bel-Abbes,30.190378664320683,1
31.485901065791953,33.86988762358038,12.338538367514843,0.7185624280006457,68.63271966860974,193.44978120669413,32.7586857262169,Bejaia,57.32346259940729,0
22.232229604989985,91.74123397011401,19.62372356054847,3.1552856523648543,6.964114816240574,118.53927228345098,13.011829899261468,Bejaia,12.250751293625703,0
29.169302816189933,26.418699652931377,12.636270540333367,3.03807437873344,17.48814371759594,213.96206498478531,7.974613127067914,Sidi-Bel-Abbes,42.94148405153483,1
25.170940852771132,61.960911165620374,5.196071621283195,2.4592689875361713,85.57372589057863,59.764582468215934,8.023130713561322,Bejaia,27.580187562776473,0
31.0324190657323,52.83174615917292,12.680114061992228,2.3411890403463915,22.71795570235149,267.0645007908523,3.5245972821572327,Bejaia,43.39295558690661,0
24.44113000606988,98.59028935268852,10.799707594317109,0.5450728043876801,83.704112524294,86.22287893967392,9.282335245062152,Sidi-Bel-Abbes,27.885533465935545,1
31.673128333434523,28.963112173444188,15.596907903022872,0.1265719938011242,27.927608845441043,110.33579632684587,33.21096924944841,Sidi-Bel-Abbes,36.29331182623289,1
27.414294848207525,51.82844792365933,2.139612776539168,0.7737074471134495,64.28819100587077,17.427585624104935,44.084530592175405,Sidi-Bel-Abbes,26.491266015913187,1
35.114219842314284,97.55763466202951,15.22055805004056,0.28587753504998636,69.4150573509831,33.45366369638292,40.70628427955809,Bejaia,25.693405263552386,0
23.925293218043905,89.24057007151842,10.825331573522206,1.780924726466211,51.265475314505295,154.75857081369844,34.25671549372421,Bejaia,31.614353848796526,0
26.77492891470362,85.3657656759424,19.25984007717989,0.6372006393196595,30.531067669673128,80.27780301839145,5.521593170555134,Bejaia,15.510281289226105,0
23.588629297368247,40.632226163595185,6.837443320773722,5.1890937900004435,21.264437637109612,250.64406772265832,14.459372314797491,Bejaia,44.688033358126496,0
34.94571065589988,33.67100699120527,12.652437862678962,1.5365326718041863,3.318935456242622,4.408016596486153,15.490343766123448,Bejaia,11.776270867941593,0
34.28275094733374,73.49145759395448,18.64056211020035,2.5930127631149062,30.39464012407238,113.72821460158086,12.49784731988106,Sidi-Bel-Abbes,21.026323650156233,1
25.61118278801218,94.35007913020686,2.050194559813585,0.21325231314983917,65.3162790531283,101.20366403072781,25.750282985486155,Bejaia,25.561030327525273,0
31.239776644478507,64.54103144111438,18.744569744729024,2.9709098150046764,93.83048184484826,5.798289275280311,26.77769074398363,Bejaia,27.455581875062474,0
33.44111080281702,65.72901515759199,13.757714446016267,3.8412021729241994,87.1204482263052,37.310519700153066,17.84429875855551,Bejaia,30.3761428235154,0
29.772811362392474,42.39832749282273,1.356741182103438,1.001400210822374,76.60647765353026,124.09280247559057,17.6894579368218,Sidi-Bel-Abbes,42.79906881320839,1
29.415108096984092,81.55943465535495,6.019271338936325,1.3980698247374859,78.84473432532987,147.859375334234,41.42777989530407,Sidi-Bel-Abbes,42.03612328727527,1
25.385932072606323,34.96349988460187,14.163441772905632,2.1710411014977566,66.49849034759953,121.28692417646073,39.46464241598428,Sidi-Bel-Abbes,43.81673376886135,1
23.303438749282588,45.89433891233949,1.347012029375434,0.2882644626818689,26.0286857566003,159.28130352362814,15.389791584037283,Bejaia,31.2413837478421,0
34.56102061134658,54.034915089313344,11.643409203525465,1.0474388223245918,90.71950307058299,178.53950247170445,45.68942219366296,Sidi-Bel-Abbes,58.00849178634125,1
34.60585280028663,60.6088302947564,6.917661139059135,0.7628997235043518,67.0732311905834,2.977146338350689,47.6407508501253,Sidi-Bel-Abbes,27.64834628897091,1
30.86342040182575,39.392778593206415,12.418310355349542,0.23739316656789156,56.04406309804399,139.22854783605118,16.33712710150204,Sidi-Bel-Abbes,40.64378660787627,1
26.74641707468181,29.186945979136283,0.914840676250257,0.6871942236850973,11.098946921348107,289.0497722662765,17.721247439652743,Bejaia,46.11751822521208,0
26.888934044577255,68.8496033953306,17.430736123047524,0.1059110440561653,44.70555438064254,155.70968403886462,25.28170767109794,Sidi-Bel-Abbes,35.74031747032487,1
32.163379504183354,43.09044425922046,19.469779383547937,0.03922631995321897,46.03582712019263,203.26268023768594,47.056040626683675,Bejaia,53.27994857429762,0
34.55954363933608,66.49905771380898,19.37755710571383,0.2178270484928454,86.45636095226699,93.55915737506496,43.815971657115576,Bejaia,41.10150895487453,0
34.41920993971164,32.34901722193619,14.993036634858495,4.949930009965661,54.66482201877885,232.19741344582877,5.12839812917949,Sidi-Bel-Abbes,52.65656590271824,1
32.918257642006736,58.4912081483854,2.6017248026126394,1.1961941498371842,38.04005489704097,231.87644456283454,19.63653716357081,Bejaia,46.88547975339864,0
30.98844304616003,62.60715460412687,15.165263918580452,5.064266747826159,97.68003285106593,156.3888142962417,27.668559487488594,Sidi-Bel-Abbes,54.61278881722401,1
23.177959509930684,24.145882945794153,0.4917383291760302,0.8497661865123748,11.072059332631568,292.8041469837641,25.156623627577,Bejaia,54.45932594851341,0
24.262801997324594,46.92834225551365,0.4424710305799451,0.5605488424960561,42.25484283119446,37.665064428796015,9.693153396844634,Sidi-Bel-Abbes,14.8425821934875,1
34.57975863937911,30.75317415511794,6.4722043829908245,1.0582604621659497,4.202467517140529,5.084299466874298,42.940838558407734,Sidi-Bel-Abbes,16.401535273361404,1
30.49000683523426,25.06999763782142,9.772863808093316,0.8684203359398226,73.99041207669303,231.0474635271288,33.84703914984187,Sidi-Bel-Abbes,64.51803981839898,1
22.128758722632814,99.19681859119562,15.408148356155865,0.1675117508975879,91.80765521991506,242.14666120946475,41.89541874259018,Bejaia,55.35753097347456,0
23.42060160012445,45.788307597977834,13.665907532130104,1.535923806596239,28.003732955048942,36.06216873617287,42.93821396747361,Sidi-Bel-Abbes,18.453988715818575,1
31.28902476751278,84.7899556683708,8.918054127534967,0.365092442997496,85.83416767991208,79.67484988758183,37.41779268328699,Bejaia,31.11958549767942,0
22.07086217384706,40.37125238110111,5.472533325633318,1.4497504267586456,29.221823046189776,5.265709009988672,21.960530062485866,Sidi-Bel-Abbes,10.930483844527057,1
24.251312719844982,74.52021777791434,19.942490003154223,1.5755952589869295,91.07701616439152,87.9925832341694,30.527337750771228,Bejaia,37.594880291162866,0
29.682273051132206,80.81822879117493,8.523626044719459,0.24735592733166964,75.3961903596784,231.94256217560144,8.018270305987157,Bejaia,49.04568310850689,0
31.686532767697706,67.65109924862755,9.02774048659351,0.09496831342579708,80.49067768414386,155.3881583137737,33.68227087374539,Sidi-Bel-Abbes,46.65581770918663,1
31.127457633036407,57.72609508401267,3.2724764238333837,2.2763932398358953,1.80065556004545,104.42867795048643,8.962662786964037,Sidi-Bel-Abbes,14.071756431283376,1
25.13977033244784,52.947273131781486,15.896190974998587,0.9237249331370795,96.2810357074026,111.52178847189909,34.69747952550784,Sidi-Bel-Abbes,48.19904811242115,1
31.970509098865502,47.90946132343962,13.873644515629772,0.08988585015572378,72.66709920703232,0.40608771464044624,11.479908037698433,Sidi-Bel-Abbes,19.970724283901284,1
25.321487224955202,94.36233153982607,4.415392255775208,5.1890937900004435,30.47510953861333,89.94015826957077,5.877565007510999,Sidi-Bel-Abbes,12.432868855655224,1
26.555595774229747,86.44955262301833,1.647620912316854,0.08927562213663552,82.9394664858847,193.93762249137916,8.26422450714787,Bejaia,40.388904641053294,0
32.45087967165234,97.20215285332101,13.609986041494261,1.7813385202502268,28.152119841492997,292.2583331449071,0.0996067609535134,Sidi-Bel-Abbes,41.55002819462456,1
31.094860586661007,29.943777878843576,13.090224285622705,5.1890937900004435,87.2753839566128,254.11824809516986,35.93698089267651,Sidi-Bel-Abbes,68.87635053215708,1
33.88912774691849,78.46939801629154,5.465190539964187,0.41003792543572054,11.258039041193701,7.078489393658738,36.620052452918955,Bejaia,5.449122875428049,0
31.206580492204807,95.06723654568303,19.017271245008207,0.2301627918503774,70.36859774607957,269.5681814024518,25.746667495662972,Sidi-Bel-Abbes,58.30543630906724,1
29.9563204466966,34.498645293252814,3.0211578356180047,0.19411260903601402,54.069847664491036,234.95952398958778,8.068140052769184,Sidi-Bel-Abbes,53.92720419180019,1
23.311446749593294,25.3197013893422,8.646696020852039,0.5420470589116647,9.653447019544082,234.1128370712941,4.177716875534488,Bejaia,43.49496835898928,0
27.14802124283207,79.28965194320472,18.872318403351976,0.15978480532734224,24.189382825883897,137.39872770107144,0.9564483218643505,Sidi-Bel-Abbes,22.994074882051166,1
25.712833147544156,65.95784905439295,8.394546338522446,1.767269204892275,1.240403627731479,119.40158788635085,8.287408848261036,Sidi-Bel-Abbes,13.275216366150762,1
25.41585500730717,87.34630214066176,12.77051895328171,0.09647469569929062,46.876796546450585,90.87471864995779,44.54277674915733,Sidi-Bel-Abbes,25.65881028276479,1
35.62214776653424,31.18179013010316,7.9518879592558855,1.0682568786519553,30.126526076000037,19.708457686309732,12.076842085084088,Bejaia,16.87911414069119,0
27.503368145334647,83.62138494879122,5.484304046973401,5.1890937900004435,59.83574842977588,68.47060904810974,17.71356636086078,Sidi-Bel-Abbes,22.92583862277884,1
34.488651772479585,36.13018560381956,19.679552959196563,2.522773165015073,29.72378077086172,73.9810904934074,5.267274224066659,Bejaia,23.008200357045187,0
30.83594076396168,33.09247542925636,8.18668012630086,1.4326231149298105,29.99191115069847,145.22312091306048,11.118065237408514,Sidi-Bel-Abbes,37.009481201682995,1
33.12735824958308,33.14126383447943,17.88198407358269,0.5484732496304778,74.31931987316034,224.2333219790082,25.961228539010257,Bejaia,65.13038670721429,0
29.03691930347269,85.16597761851057,4.599092117821724,1.4668337142285355,4.814283597835345,142.142948519384,30.387634154782628,Sidi-Bel-Abbes,24.48284112534523,1
30.07665438476903,73.215777655696,4.262094080501666,1.1231213338193013,90.28949951919873,17.353334834148182,12.267615708310553,Bejaia,21.716367824309852,0
28.895247713464094,61.845233981529546,0.6226816576902272,0.8329067419750436,85.22638743911814,287.33694029646114,2.8866079612558604,Bejaia,62.718742907849546,0
24.73340182917262,48.7064387298802,13.033336507517701,0.2101183887905177,66.78046832264066,282.81729572823366,19.551643456369934,Bejaia,67.20406524427123,0
32.11432961366107,90.17604326504866,7.370526874475223,3.2653065897180715,59.32215701073843,235.55686294452252,11.710168546316707,Bejaia,43.648957653047,0
25.93081307417198,51.395608593810834,17.28716499679274,0.8961682946891734,89.23024981396523,297.3983704692662,10.977696161490098,Bejaia,66.04635688465396,0
22.340423530040354,85.32795515772617,9.464198133831143,0.32466627309212037,18.533017952871443,163.34469984007887,47.99314013567276,Bejaia,25.997266543781045,0
31.03661214270035,55.13079268561747,19.363868558294435,0.6877277750744029,7.896916219082861,288.8305050759618,30.815024296286204,Sidi-Bel-Abbes,54.00786634506823,1
24.479549511698686,50.155554353992606,3.710510314062423,0.801985401930201,23.95101699095381,22.681512185025234,27.843922158604794,Sidi-Bel-Abbes,8.981597080723457,1
35.166420180940804,57.01438285356851,17.372463359112217,2.6363666266358,79.45782787001903,109.70422447841139,20.788755176166095,Bejaia,41.22248589339563,0
35.35500007803623,44.110229933131365,15.531937055834835,1.9842154842889173,3.4670266726483323,67.61438040202975,21.447216671507213,Bejaia,20.088806483576835,0
34.80810146308628,79.80875041410009,15.41843689288104,2.1999874892552875,58.280683508348964,58.74992524028101,27.045250191904042,Bejaia,25.735507916282522,0
27.182221803576223,60.217631207398334,16.895664562337753,0.016638840032300796,99.54375161913099,42.240884667802824,34.82149035180536,Bejaia,37.68108450362322,0
22.216392631404144,38.57701561174538,15.220479818859978,0.807177039661463,85.56960938375394,186.724092469799,35.107304809091474,Sidi-Bel-Abbes,58.01892582576335,1
34.99645987622816,91.96596586196547,12.524406432628307,0.9847720815572409,52.14456890435895,234.39655672419153,8.584695385272479,Bejaia,46.35622498561362,0
27.9945780764424,50.711297709856915,2.6248975536477515,0.02906825919966945,6.364090928664234,173.4895198261082,25.00563760383135,Sidi-Bel-Abbes,29.357887153459494,1
35.533167466611374,63.48422888911909,0.6505235898250383,0.45127905603273943,83.13735143857099,44.0888128764629,20.597904751705098,Sidi-Bel-Abbes,28.178805559566218,1
35.49067967924954,92.51776887716376,18.416956956313737,2.142487022571567,59.89785081772106,243.33713098004128,43.52634831346921,Bejaia,53.32692809312066,0
33.94213237654304,69.93903967311937,12.333006290414762,0.2212015760008339,11.493299705956684,190.78641214911855,31.57094606091882,Bejaia,37.48852214906711,0
26.1222844889742,29.351843256669127,15.930745819523526,1.1495775678972873,9.38572848233562,116.44971183809865,26.62520332079909,Sidi-Bel-Abbes,31.18069754874588,1
27.391368200426953,95.18656988907802,9.630447030251002,0.3634931341153407,90.96268194365923,202.23908866081888,5.769732108945869,Sidi-Bel-Abbes,45.72124506890243,1
33.915913401236,70.21664424571343,2.3461637792478895,0.01829224537316643,66.92002629380784,77.97149377284985,30.281894466170574,Bejaia,33.330637379971385,0
26.436908072187887,46.79244917256689,2.5037158440510088,0.41402844277544903,82.92867993167555,103.55766254826315,5.860195284011671,Bejaia,33.98851380668102,0
24.372898453605295,31.141765813070982,13.711305744579427,5.1890937900004435,87.89789002822673,275.2457529395971,16.860328778287602,Bejaia,72.5493934084389,0
29.795217674416904,83.52201514162368,8.606117897989254,2.425729736942321,57.17723520483222,87.15135170142612,7.142098240716593,Sidi-Bel-Abbes,25.124415432994297,1
35.106166838250935,69.60582047428107,4.010494534006734,4.81252132528685,51.74463517550413,140.99648044738097,34.603682351218445,Sidi-Bel-Abbes,39.208619329909745,1
31.74441715344962,62.67688735810572,9.831890934828738,1.003718436166752,43.042741032099016,267.0423412188044,10.31260569180763,Bejaia,54.80551486777043,0
29.980856381251108,91.51140664407662,1.2841787415026817,0.17435618129278876,31.69465877911193,212.31640508025825,19.5929686594013,Sidi-Bel-Abbes,31.243639551997564,1
23.36047091279076,83.08777689796246,11.639428038287976,1.1909752155025417,43.459596085871176,18.660967849410824,44.783738880938934,Sidi-Bel-Abbes,13.58929828097958,1
30.610101173788376,32.1339903786201,5.379868088701953,0.9087414466303927,77.38796557301563,44.1909132836911,10.215819169948514,Bejaia,30.020523643488115,0
35.86075390145969,44.93776542364386,15.951182012743763,2.790286331099714,60.19234310151316,2.3524772315750453,25.390253197938957,Bejaia,25.80628840172775,0
23.961176213311337,39.87913118515726,6.207239178471475,0.15484847412993574,89.2523289954846,189.276537068749,20.9635830583011,Sidi-Bel-Abbes,52.9251255979591,1
29.256615133092314,79.51570340581415,9.104402981636024,1.0048526034447693,44.33800143791877,134.3020276231255,0.9062020522864866,Sidi-Bel-Abbes,27.06505425774657,1
34.28322300699138,22.682594778862352,0.2324107981620127,0.24386427557688667,60.7089578718754,40.28245527068266,39.63790567864064,Bejaia,37.647184320784355,0
32.370760648558864,65.59117478970532,1.4489377558911776,0.5888438925205567,63.130755309198875,287.3802363170311,3.4522953157299865,Bejaia,57.722038648926585,0
31.758220373933753,80.99669485925524,7.849871128133696,2.0054398170371863,59.16971623063255,158.89791718368596,23.71275104884768,Bejaia,38.242232720148984,0
31.834777175819532,90.14125094093995,9.59877669434247,0.9694472899374267,70.26337730855164,72.56798823386676,28.033914746947495,Bejaia,24.947133569521416,0
27.032876117076572,47.366539897272595,12.000410962386074,0.707138844632389,23.74334683748063,150.18107134641227,31.421322830729352,Bejaia,33.41946266079026,0
26.11028581970291,85.70058437376103,5.833251574186065,0.7524923102378673,51.23637775457907,203.88609982053234,34.431581465393776,Sidi-Bel-Abbes,44.27027089165949,1
33.33105617669919,28.850538956416578,13.899637722530851,0.9227432413753849,10.422480280834767,22.871765392069342,12.663619176135754,Sidi-Bel-Abbes,16.34968711802544,1
33.34158752550853,87.71618333876145,17.20244794378409,2.305791302841696,38.45113276448126,82.41114451436759,0.49893883292246866,Sidi-Bel-Abbes,16.80523124728857,1
34.13901246012145,30.199092986558593,15.597019777866997,3.33961277448562,48.76670686212644,242.0896472651981,36.1721831177456,Sidi-Bel-Abbes,61.11121816728487,1
34.7853677357906,51.78298324482938,0.7923765069671429,4.662837094533449,65.22242595454725,137.89946112079838,26.78282996737893,Bejaia,38.02706234237263,0
29.15879358405313,83.78362926236429,9.610138945156578,2.319014445683546,95.05310525862035,163.97314260968847,41.805885160362436,Bejaia,47.779251520760184,0
29.021228125620794,31.993394187901902,2.0986035683634974,0.5683959384060769,60.06510665483559,129.84480066284078,41.06941814503472,Bejaia,49.09535910794118,0
33.17613250553485,38.34011161861132,4.840900317250549,1.7477759020215307,74.35939161765597,13.169982792901536,42.16630838939416,Sidi-Bel-Abbes,29.273870744546745,1
31.09949503088871,77.7802054714453,19.73325186534293,0.8633212400473408,50.626605949520275,49.724933946046775,24.25473299897701,Sidi-Bel-Abbes,21.992760892298907,1
31.82753628160785,77.60292292368595,2.8499108580302646,0.44089356037346655,63.41040313763313,133.66249162256727,16.681419791843282,Sidi-Bel-Abbes,35.66422000496478,1
33.14109737210541,71.29181063082379,9.977763069027121,2.7570655892858675,7.093221613377343,62.75563962237835,39.5779101295685,Bejaia,13.49731302350255,0
34.460074785445926,75.515875557368,12.363114686362382,0.058776175115634086,25.439158084184697,14.993708597903622,22.564705651462745,Sidi-Bel-Abbes,10.574644800189402,1
26.7319321959215,63.417955467807694,14.049299410882078,3.480543139560558,36.185309320513866,253.09489921554712,9.172109820171725,Bejaia,47.816144414407354,0
27.258161336959216,40.14392471255622,11.192973669738283,0.9283889022589193,47.249335500651355,294.35775874923473,42.748700978073714,Bejaia,66.27550714578867,0
23.315747157772165,47.65567948031355,0.19541694838367318,1.520861447001836,4.564874550238374,237.94286219902182,44.127993838617364,Bejaia,48.735867495296176,0
30.095921973946435,34.527817344114055,6.529226164879837,1.6153668535743932,14.002409755331769,256.1354765114001,23.315487807008505,Bejaia,46.18788332192392,0
22.50319183315439,92.67604490669027,10.354232867694229,3.382375347088531,27.68143077913058,72.59313909511361,3.7849863654893734,Bejaia,10.114428855968864,0
28.518372253854444,66.67134358128963,1.757329982896667,1.5186643380064067,97.15326909010507,288.1880926539599,19.391304495846562,Bejaia,66.3821646185289,0
29.597024885906073,52.06811334109119,7.012538624183615,1.427618796166308,33.134700710305076,59.077711336028514,40.17688297313017,Sidi-Bel-Abbes,26.09915249384443,1
26.011577529795982,56.96046429153061,0.6640621758273313,0.10346580117285811,48.20410581120825,285.4289431085497,45.088701427311435,Bejaia,61.26636565483478,0
30.271665647966152,95.78266716894522,1.5715699431004149,1.095987062983827,19.609771273839293,298.44578818978533,10.173637124879791,Bejaia,40.288829123451066,0
22.427003499146693,32.26811224928642,7.938465524031921,0.24407666063493225,61.07800710757682,213.51684172381462,3.348680601263576,Sidi-Bel-Abbes,49.865597703065816,1
22.522874642489,66.89838656134378,2.654315080861207,2.0058778787141174,28.068321551597432,294.34311953754656,43.86752265664193,Bejaia,49.80099450179886,0
33.516407849235215,60.47109431075728,11.350816965231163,1.0768420984881426,20.699257843842677,170.8619338701311,19.470246948943764,Sidi-Bel-Abbes,35.46029075996684,1
27.04266897975768,68.91633883477184,13.789299382745314,1.7102195200072625,51.65726284459791,77.8625349528271,27.088048213378162,Sidi-Bel-Abbes,26.83452841111423,1
23.778847177126387,21.44881470566724,16.011733982181656,0.06384917912453153,0.5505799160420821,131.09876569968625,48.40329060253794,Sidi-Bel-Abbes,35.99970468317652,1
29.311405640767262,89.76991271553212,4.003004884896201,0.1329059020027178,0.7664032649225327,178.06828061363578,3.3282363957111425,Bejaia,21.11032612925044,0
32.77990974338055,94.56946259868899,3.349651645181395,1.88988056997439,21.906880910185777,21.924468608104497,32.41590037260478,Bejaia,7.217350366758634,0
25.021494384955805,65.21065468713672,2.091356806688005,0.11222164445193951,3.672136250082114,186.70297938517382,3.7052711287433535,Sidi-Bel-Abbes,24.727512770259228,1
30.720466661466006,75.73206591015138,12.728604990872734,0.11088439030351813,10.802575413069137,294.35335102868834,18.77344642332502,Bejaia,44.81412824492304,0
23.19486450991275,93.79995049418366,14.129514529738023,0.018273570014693957,33.88606493387516,57.03229493511829,40.190727259672336,Bejaia,13.956133474969224,0
22.72354409636051,76.57909074507188,0.6317228965128407,4.702539729329684,80.25856795798128,237.778534886515,21.67361163778172,Sidi-Bel-Abbes,53.5653633318213,1
29.43896484195407,32.20312343314091,18.724244924873798,2.0063040645234915,57.204864336930086,272.3696381338858,49.85911769514752,Sidi-Bel-Abbes,73.00022725299361,1
29.568891702541492,66.10306881334506,1.0394256730294482,0.6536964536005487,51.26677259564164,283.11047784606626,27.952964247330108,Bejaia,56.13823475635005,0
30.92401862097489,68.53720371062848,10.82592670602141,0.5276069718451482,29.348882320812166,288.04068132163417,16.058107631797675,Sidi-Bel-Abbes,50.98784295219973,1
32.16527867211726,53.93045370419088,14.181210389018329,0.6454896760003201,93.17537194328163,156.4378916164416,11.005566295237657,Sidi-Bel-Abbes,48.077536688896366,1
35.661929112475484,78.91553884997782,17.41938247492171,2.2351742995974755,39.70150412371917,293.1923723974511,17.52602671430809,Sidi-Bel-Abbes,57.05981182896954,1
29.228204876216736,94.74936118152118,14.281738642648556,1.6242735264427548,8.70927667957715,227.19306214033165,18.62666368797754,Bejaia,33.11086754623689,0
26.521390621177446,94.04548103254211,16.034561661395838,0.30721073266499943,61.70665161178013,48.501430871088566,3.4356838861980488,Bejaia,18.79323333956311,0
33.13260672676185,56.06714971233057,6.789003850856121,0.2869393221825329,11.38383934766014,143.070031940391,18.47870997133866,Bejaia,25.961569188854547,0
25.791651517669038,29.05904366726042,16.296502274930244,0.1553692367915092,34.52231428016921,215.49935261160118,23.211925986961248,Sidi-Bel-Abbes,49.19647600054731,1
28.145599889878905,98.78729591698676,1.6022969276935028,1.6195506150502692,50.74119387178089,74.202094745725,36.13688761194023,Bejaia,20.27049230845848,0
23.098389338791723,87.11184691567473,17.896333121210553,2.1682556988355737,87.42225246851758,192.1845550646662,32.8364742360804,Sidi-Bel-Abbes,50.518292116297545,1
22.354910407816405,29.97301449626135,10.951847523074726,0.4619219243303854,49.35465803401187,199.98014371398577,35.438282761457714,Bejaia,51.30046250191793,0
35.47707780549095,93.66735060938979,16.345955399249874,0.03175112767742269,70.22587660316643,48.809923142569765,0.41818409384285493,Bejaia,17.574043676927307,0
33.703721687170884,89.59170896497027,9.046365690366002,0.12861736118540415,99.28168389990704,169.52559373582687,10.883369979026803,Sidi-Bel-Abbes,47.72561691959687,1
31.74363888531177,61.50704457008577,12.871553903930499,5.156482504256015,13.148911989798162,231.48807329358232,33.084214419992826,Bejaia,44.70632018731696,0
27.72534122179978,67.30203485959434,10.528053218722263,0.525282847955438,27.47315255195195,149.66869936078257,24.199468408987357,Sidi-Bel-Abbes,28.709813615409253,1
24.42612048099184,51.920216309610424,14.631790435106637,2.1994560649560304,39.45760755976464,3.6309350328322276,0.2656737834172973,Bejaia,12.091678344906303,0
24.190118597395205,24.380931105762507,1.6325996406117915,1.469898758232057,42.18281785388314,2.711540723787653,40.22473212159112,Bejaia,23.81652884308499,0
25.503400574304337,46.815779331672076,1.207041679811276,0.7217537337439887,41.102107526554576,107.10880319100366,38.64047866451687,Sidi-Bel-Abbes,32.73528127224233,1
29.68917330588569,84.22827588784091,4.942064680202929,0.3454170284338553,90.76110025565549,277.8582205295346,27.420958149678132,Sidi-Bel-Abbes,62.780260311416335,1
32.00434291780087,20.37056184036823,3.190893602263767,0.19411513358565174,71.40326444668564,68.60303388108264,3.323166288813606,Sidi-Bel-Abbes,35.90043302807596,1
31.242763274048237,46.679933735291534,17.435671331844034,1.4318184427192209,60.79052140907037,190.30910666150615,38.32575247662923,Bejaia,52.194751796967694,0
25.9190745572432,51.85349548727547,4.384279747160886,2.2350428375113767,30.93727178627821,66.62276120799618,29.185679386568196,Bejaia,21.464091911451643,0
35.36811392928472,62.99164823503383,19.517305116382627,1.5488334503455634,82.37903842212947,96.50099689786458,39.097998857897956,Bejaia,39.36955877677477,0
32.33055683374076,93.58844931302085,6.737915835422137,1.1334984415297087,95.5060511484989,254.4126268804452,37.58734961979202,Sidi-Bel-Abbes,63.18760275283418,1
29.76095673515961,47.707679549276904,3.6423583137739857,0.06428488096366355,82.11982825502265,218.65843268098405,40.15010359789186,Sidi-Bel-Abbes,58.162432610260154,1
30.564090447280932,47.75625615169822,15.793970142849583,5.186117294630331,0.15651051914729042,28.619783193963187,25.90040332023124,Sidi-Bel-Abbes,13.987475125594589,1
27.87440087398906,79.00009984877987,13.174155510017522,2.40454417326654,63.6401370183407,128.6106062959301,7.016225909675749,Bejaia,30.24259939459366,0
25.468233853016205,56.17743527118457,9.96391432906278,0.5197093929564709,5.1135381442100725,8.750929093579341,33.557873668984435,Bejaia,6.7268639817556695,0
26.983617501117664,37.96838583519856,11.107271018752625,5.1890937900004435,25.760722033372186,144.26704398090268,31.02368925259853,Sidi-Bel-Abbes,34.610424794030045,1
32.60984554650117,56.195161290615474,14.384035565445277,1.38150870670422,5.952470034777169,198.73020351032042,37.11265935995436,Bejaia,38.7074780293627,0
22.201508840816583,31.26856163038399,4.5690948266259745,1.3099282530672756,60.37954529493877,35.55078707944547,8.494050302536765,Sidi-Bel-Abbes,25.924488861310284,1
23.625016967096826,34.110958920497865,19.926678321134837,2.067924942307522,68.65899134926067,86.6654816727497,9.748759995014462,Bejaia,30.186227334129306,0
22.64403698830454,59.869421819158376,19.495863242935663,2.5051343007658153,11.448763806590511,119.35098765064708,44.52047586096642,Bejaia,29.716057832637805,0
22.57020323246558,53.514035960363834,13.006513726938739,1.6027588361220744,38.38388830449795,275.8593073968149,37.49888992260354,Sidi-Bel-Abbes,57.00964808546635,1
33.9764481761541,93.187672085448,3.9908490185829026,0.20561349297057743,45.6236508955542,297.9765046268892,45.411424435016144,Bejaia,54.90409604845774,0
31.85121003132033,48.99151192933065,13.604564848625827,0.6193408384732624,36.90530217609166,13.473389698684757,37.93576605819604,Bejaia,18.41967369134288,0
28.638433607222552,66.44706802224349,1.4439681795835169,3.9483772596363096,12.102500048519305,228.30237704861761,29.857765299515094,Sidi-Bel-Abbes,41.71919466243386,1
23.36967824911402,70.58114303356243,0.6130500441161213,0.3815945818064159,41.89477901874754,111.51721992070297,32.70663685139368,Sidi-Bel-Abbes,24.8000642696441,1
28.882622251635652,21.04755652706669,5.153657770224274,0.6982216641190195,75.11780478084181,117.73745586884401,44.456396197000494,Bejaia,48.18314966294433,0
28.62860479092792,73.08298976133685,9.252459134786326,0.8486538400780965,7.100766453325546,226.2794920041068,28.940337725597026,Sidi-Bel-Abbes,39.054799015017416,1
24.42482617874021,34.24287734958011,17.36545010816761,0.8681348113849994,8.018001408190345,275.5279296436226,31.619566216419372,Bejaia,53.33158521323936,0
28.073923089331622,96.88562539755641,14.543381395326161,1.4237617208283477,35.47712918359842,285.2785783507645,7.823835800180029,Sidi-Bel-Abbes,42.43416793998178,1
27.57906628156323,31.893018220249036,14.85413042399962,4.299053075670294,94.1725711618925,173.13677581149622,23.696061005805134,Bejaia,58.3794518106199,0
30.62190137273103,53.1699298981619,8.509866688961507,0.41302308641127966,66.85726467229141,107.13634779015084,35.81985559790495,Bejaia,37.684996215785944,0
30.891311112147015,26.82797344629151,6.918699850939259,0.1943114070074285,67.86699566725648,236.26472575763378,13.54713491581827,Sidi-Bel-Abbes,62.237700041794,1
22.634256136808624,99.74994014767579,7.4207752596920535,0.32997997784079713,36.1919990837865,75.30041497869007,10.112709026226746,Bejaia,12.408752855418909,0
27.244576604770597,60.175600826499405,19.752991274721158,3.269554621650828,59.36607912085384,169.22220865005534,15.691340411220779,Bejaia,43.201377602784184,0
30.76203881999931,67.6308013856035,0.8021838282496496,1.5568861216143417,1.0131184027743378,107.57353845746195,12.075031399641672,Sidi-Bel-Abbes,15.19472910269035,1
29.043907620121228,25.3661181910742,17.340629922448972,0.5051126668185275,63.60960464095422,196.98932211236283,10.745631851819793,Sidi-Bel-Abbes,57.312833966698705,1
33.99085777663651,79.99683763193423,11.573508171447868,2.5387967816620804,91.32869475762368,72.11967386805208,21.242542143404346,Bejaia,33.57804220722613,0
31.22171084266523,36.792447447646865,8.77230838379181,2.963920108799543,61.25734683448192,57.47788372044773,45.391925694176706,Sidi-Bel-Abbes,33.67813416464039,1
24.281081979140016,91.84434315525709,14.50515320830273,2.811222191971613,87.3698593466345,275.4717260026311,25.352982336935913,Sidi-Bel-Abbes,59.94287475484392,1
22.987962463606017,36.41117123856057,9.733378828494057,3.768599314911348,72.39730554660937,30.54110488486107,9.396019040766152,Bejaia,29.42909141076163,0
30.99386989488842,35.255017653093326,17.46846476163321,0.43601185862192315,12.055841640369025,151.7873723204795,3.848583469043704,Bejaia,29.346089931831866,0
22.371158347582707,22.923973427847592,18.01403728022517,2.110002331234583,90.24533072858418,66.25583488890268,34.80780725689626,Sidi-Bel-Abbes,43.356002011088336,1
30.200858137828487,57.765355608799936,8.434418537469108,0.9257785617781713,6.644384435577488,11.678988997700234,19.139938221819392,Sidi-Bel-Abbes,6.753595423147297,1
35.16322337994941,65.18729066100931,5.536555944701032,2.7677266306101775,53.39674725477638,10.805645487427917,41.09154732926796,Sidi-Bel-Abbes,21.14575301507749,1
30.056638490262305,25.25669115426819,11.847006571867244,1.955638202902135,14.213712379345766,52.566531631748205,32.97553843203851,Bejaia,21.616048846966674,0
27.43437896689131,82.04220933560084,18.24726691233382,2.2471631307983895,1.1706610730904066,260.0311063518001,39.81207252706842,Bejaia,43.83770698563469,0
31.006035058192943,56.26310677984221,4.213243780113332,1.6013762860263139,42.2034260127639,84.743623193108,13.597301970922437,Bejaia,29.142979920279988,0
28.415540466881232,61.951221546206405,12.459331671269656,0.29298029643591883,29.504070765415623,285.1377511725887,34.6179461230529,Bejaia,55.43655206177055,0
29.63863505042309,55.26101975505825,12.631204401850411,1.181275536288307,48.6000493797603,174.48668789675807,13.203099234685938,Bejaia,38.77143846768298,0
35.18050732287135,52.06104487002608,14.66226044830562,5.1890937900004435,57.71998867345508,130.98425693062984,46.95342397251458,Bejaia,42.0849927532037,0
27.40543692921084,64.77122650465743,2.631353702545196,4.156199082011149,4.373907230894735,174.0266504008364,31.81871407666872,Bejaia,29.323638070637674,0
35.4566678935348,32.419219674457,14.31649929364177,0.06620016917637911,12.300329512374564,155.00951556788033,16.225590008767103,Sidi-Bel-Abbes,38.073393711959284,1
34.674908987384896,34.55425043962169,18.18065041331282,0.27015270172613237,55.86423964504254,227.63287612719753,13.475593114613632,Sidi-Bel-Abbes,57.94815034636919,1
24.74107588705015,88.94284968108138,3.5936621774048394,0.21187671022902788,34.316735317265824,84.74881979185568,9.546329253582176,Bejaia,13.347579452460128,0
22.971058212252316,95.68923697069062,4.750866498477553,1.9418307810905804,72.9173487549448,105.91511748009071,34.73204794468639,Bejaia,28.156388062308615,0
23.410892019283974,49.864745302380236,19.427901880832792,2.5538546710437693,65.22916485919397,268.2282907599752,10.935780649896365,Bejaia,56.25348205366755,0
22.255105559121695,41.6595738514843,3.6195390541897954,0.3602655125250793,84.56043629899068,283.9369539451216,29.765163296374453,Sidi-Bel-Abbes,70.20470868275618,1
23.322201450582998,71.51996345912126,17.087701867391583,1.0573824207592935,69.24928266692253,267.7674682459423,13.231751346267867,Bejaia,57.10141919703018,0
31.562094827828997,52.698733687847714,9.845557128960696,2.7554776057167056,42.99310773901481,125.83439818719407,33.09844723969343,Sidi-Bel-Abbes,33.281834056941626,1
22.996641078443204,22.03090845282759,4.944621488063541,1.9796454279707647,67.29666223944324,234.10965090206452,40.74698642702696,Sidi-Bel-Abbes,66.30622775031715,1
26.46565882411266,32.49220778929523,17.414998025450227,1.1721062174306924,27.538117425541852,142.90071999032963,38.90126215723266,Sidi-Bel-Abbes,41.18432739961866,1
33.82825435357236,77.2777783077918,8.90610510005331,1.3386697568550483,30.63134987782127,149.26195564383065,38.042566546539085,Sidi-Bel-Abbes,36.349802849465156,1
22.325807100301564,72.71391535281211,10.296347078593804,1.065014475102609,78.89851599207933,61.40403271718519,9.386120284612604,Sidi-Bel-Abbes,21.72111213935676,1
33.4025587562451,22.16767940027868,7.184667387995313,0.5297682750024308,44.64195164015822,177.33909097755495,4.419247349225936,Bejaia,42.52550774320395,0
25.9459668468276,37.75777295463595,11.859017028698549,1.2486897112022333,79.83803405183525,55.84076932600438,34.94744142436928,Bejaia,36.913392623504386,0
23.654307586703187,38.48598372704571,3.2704774517004553,1.7513904466452188,82.24223736682784,99.46940972015813,18.417360689717565,Sidi-Bel-Abbes,39.884539895156934,1
31.75432031509811,73.75141948789827,7.821630733035214,3.0991711126611787,85.75623376612837,256.50906048598057,21.617311320167364,Bejaia,63.47094111995552,0
30.805199854918378,21.57684302034913,19.38824644670575,1.5171032323122815,91.66352358412072,62.12274276325657,1.5574546396695532,Sidi-Bel-Abbes,41.64065906226316,1
34.284608189378744,28.32868655876591,5.162668654022551,2.147700569378289,43.098522051329624,21.347485552029845,12.97882246375246,Sidi-Bel-Abbes,21.266430670989305,1
32.2909946132544,83.99328682985515,13.134733290825844,0.2616580057336857,31.886681832113883,20.70227778384489,1.6838201937232011,Bejaia,4.193722960073856,0
33.24873302538788,34.28357296434669,6.503801284493898,0.928611777999564,58.21987465941139,282.2353561509324,43.95928863006238,Bejaia,72.14274528856463,0
25.94848401599829,72.21968862814998,15.469462513732013,0.014063148246684235,37.117242343762754,152.07613138855038,12.169834160926523,Bejaia,28.254906816311745,0
24.48415361291612,39.05462248373812,2.6174732143669965,0.42489550103680035,60.1074166800233,122.8236215451055,27.866858478650403,Bejaia,42.16515922622496,0
32.508606522972016,27.955311420747613,19.396420901570895,1.9444705284169288,70.55858626438246,243.26357430237553,1.9489660330565206,Bejaia,60.82674237398625,0
33.2956863497417,39.453775279956325,9.075790827672785,5.1890937900004435,68.84050184921368,250.7477783731548,33.3423695652829,Sidi-Bel-Abbes,67.41052443351816,1
35.86707198800943,77.78135454845273,4.721009266929279,0.15667156456663917,37.45528870201213,99.65730993468138,16.151367287704694,Bejaia,24.796889623659744,0
27.77664747675997,88.45571744850287,1.4699349466002531,0.769978885082129,16.68602016987528,208.08541724213856,44.89595934788329,Bejaia,34.87486162629058,0
27.208253201098962,86.41758916535933,3.395158101750815,2.4146892283526222,43.05293384622075,231.33684475556598,44.40590944670179,Bejaia,44.45291224026338,0
32.869781450387954,51.77468236947639,10.395478971120353,0.3423012918923456,14.259414408190874,196.39520605978635,16.264530918087388,Sidi-Bel-Abbes,36.626314617640915,1
26.77124956354225,73.44681092565169,6.7400635286257256,1.2148078685214236,89.00970351838083,45.47852244002981,45.04804478452339,Bejaia,33.171988013628884,0
35.03060255844991,36.39874363326568,16.57766731765219,1.9811605238522034,34.58774607378574,262.7649250551171,49.80788367493894,Sidi-Bel-Abbes,63.69553109028166,1
34.017778525802164,43.45181842088106,8.617750473236118,1.4356122557471487,15.445974722332378,161.72836582080262,41.2707832061974,Bejaia,37.8513535977807,0
28.00591638325026,91.70686548168958,4.974285451752598,0.3124281009501751,2.5447759905750877,84.7417279110011,42.24356738776145,Bejaia,12.240205667515998,0
32.512194949080964,21.04015388085888,12.342899732080602,0.658652055784486,64.58223862864843,127.56845563130817,12.450436805454496,Sidi-Bel-Abbes,45.25926688517369,1
32.563600237185554,26.840682468357446,14.135544337708916,2.2972700623409814,63.69023174547432,11.271327119672215,28.835119942887815,Bejaia,25.414361025973765,0
23.443734163703056,36.630900411682184,3.340838158018997,1.2119165027942647,34.060416658129164,38.360040366725265,3.3627956983683926,Bejaia,15.94487982899006,0
34.63574069351393,22.122576309905575,3.3523843257663533,0.007865003751367464,7.171188884765101,229.66402515475826,4.745896841083486,Sidi-Bel-Abbes,41.700416007750974,1
29.07353321427,34.51483480718379,0.7334285386708594,2.1468796002414354,40.9628894895232,0.003490426609842334,49.94463060166453,Bejaia,19.63792657391442,0
33.57040452550838,66.64332487757537,14.72804030131281,0.053924815967331306,31.12174950633936,124.96974854468765,16.331962471295547,Sidi-Bel-Abbes,25.363873404063305,1
26.480694414428562,53.713964047399834,13.276090552436102,2.054060192029566,67.71206397350093,156.75305432567654,37.40919560244232,Sidi-Bel-Abbes,43.322451345490464,1
34.5373251989468,91.41373688615799,9.492617514996278,0.3393736029778083,60.57792494526903,16.390326000291687,40.33325265134082,Sidi-Bel-Abbes,16.4271911098087,1
27.448823502278284,85.39548493907527,16.883408979383944,4.757755079339679,36.459372819754,291.9234488916999,42.90116355036146,Sidi-Bel-Abbes,53.27783723534685,1
22.15172712072418,47.34538813583008,16.113403059001065,0.6881582119344051,21.78925542549901,67.83759937490159,49.881414870107825,Sidi-Bel-Abbes,29.03039015839265,1
34.675347669869694,40.7538746745034,11.707087287935042,0.5938625164550345,98.80359661555919,91.25961589088426,12.074824262843393,Bejaia,43.70155324590569,0
23.27801347500587,50.375392653381354,17.365425610265174,0.24181741250267835,45.40016211961149,91.1827536765082,2.0175413429849853,Bejaia,25.27541967462716,0
26.470390926265807,67.22359540118461,4.1168242007353655,0.5470697795232858,68.82742357802371,69.12499863520497,20.5595758997293,Bejaia,27.547698492545987,0
35.30086753871127,41.4450912658301,2.2383923879545575,3.139103418264958,14.055296757836079,0.4421466258934248,6.504033491447347,Sidi-Bel-Abbes,7.46617377887825,1
35.308500057125784,69.93191262793073,5.394992230339792,5.1890937900004435,48.55896996593978,218.8034382263989,1.1212944581027562,Sidi-Bel-Abbes,41.603734587109535,1
30.028130433726005,52.752932175299236,1.141737121786297,0.6890336524031702,2.7536719869465487,290.0536499397856,18.021341357074306,Sidi-Bel-Abbes,43.97035613000643,1
30.84572097037719,64.16377446815842,10.62339056002064,0.8929710907655543,50.545511791044994,67.28804498551352,39.18691255376182,Sidi-Bel-Abbes,31.39399517530708,1
28.27823730769648,54.890122330825335,18.732113845899228,1.9205840568673644,96.40174071177023,198.91415754102673,28.309034561253544,Bejaia,63.33696440596507,0
26.1049508037729,43.55726076335341,0.7868708133701929,3.259913519194521,38.420671298580025,222.56889808761454,15.638899460517703,Bejaia,41.66503740019262,0
26.601303635178823,95.87626455697253,2.442198280200536,1.348576543017925,3.8996012574911587,254.52761372715742,32.71710027463598,Sidi-Bel-Abbes,32.686015513488265,1
31.415258385078538,81.08846353278086,9.043980565668706,0.7452008991838972,3.095579091934353,126.78875910408274,11.600909015440536,Sidi-Bel-Abbes,16.041731560829394,1
32.53324341212752,31.209054061316202,18.6775003505581,0.7981296647255058,38.798675994686946,90.87927169212877,0.7190723036042512,Bejaia,27.7862729208777,0
33.08210661216188,89.47743807183302,6.32312209953501,1.7842084031337664,16.002493646319405,97.58854020690933,38.21766932182137,Sidi-Bel-Abbes,20.093561257791087,1
33.05465399912376,58.99449585996109,10.144696173767848,0.004835180028351938,2.335209632818591,213.78639992955385,31.187154243200453,Sidi-Bel-Abbes,37.071366777271834,1
23.276885442681664,91.56417815152732,0.8314571810078419,1.4497558783388778,75.62136139501769,245.03383995169082,38.115131225047996,Sidi-Bel-Abbes,56.26352771394718,1
28.92188426583614,83.98842047578522,2.9668640192417772,0.6589044175946244,45.85230088818907,54.484190326980794,1.9469008343832805,Bejaia,14.664201472378835,0
22.80582264023302,54.017080357538674,19.73260245917694,2.3712562321661936,28.924477197265453,111.28230244732956,41.85598139153261,Bejaia,31.48090447220884,0
29.693404352532298,21.797544665609394,19.30237392872091,0.14640376348478407,90.00831830164807,270.58205902474504,30.976310001815165,Sidi-Bel-Abbes,78.76785104172374,1
28.18142701922728,41.494188750795686,0.09879961868819231,1.330834484066755,11.613896020052561,242.00805590842177,28.169767535632005,Bejaia,47.08776359712302,0
34.427858558616194,63.330737172869355,19.03623570846478,0.9836987428404171,95.59188289553192,295.45752082874276,31.23070240572658,Sidi-Bel-Abbes,73.75411996821988,1
26.912810175729103,70.67825758609177,12.782398756310007,1.542197994711967,31.396671737735282,226.27447790462423,43.2216623434182,Sidi-Bel-Abbes,44.503569149202846,1
23.638938229986483,40.631014834656185,17.358365890400442,0.1005782677660228,88.84036723086813,117.95856030837668,29.346825327945353,Bejaia,47.48870260435007,0
24.001883548739702,31.14848592582593,9.094797112677181,1.3011929506322164,60.294287647946156,177.19135019839132,29.047518994408968,Sidi-Bel-Abbes,51.390018640917994,1
32.66114884404461,86.79441894394392,10.311920571585006,1.2365404809043208,82.67073597414874,198.3042762741961,49.53395785328829,Sidi-Bel-Abbes,54.46083270470301,1
30.655052886427654,98.75217445628417,9.776931605138405,1.233722839651026,98.40131632104642,23.536744895137186,37.8365083534284,Bejaia,23.33339795231299,0
23.415717465719062,62.055214584214866,13.337285150922087,1.3875721990611176,28.840543781874572,163.34908773115953,22.114690272556764,Sidi-Bel-Abbes,31.00529614735719,1
23.177495285609965,33.73434286786428,2.793025095126258,1.6926855867356312,96.1135485407593,212.79624854178286,35.369850001646384,Sidi-Bel-Abbes,63.32991390730328,1
31.81356784042768,41.784586121549516,0.599471797453559,2.452048965173989,38.94818949024204,50.19639120031811,19.461523584589425,Sidi-Bel-Abbes,22.03934856179348,1
23.01868208909871,21.471254123797337,6.158598831823818,0.47169777918937394,38.55119047369223,234.18951522766716,11.44377312417495,Bejaia,54.48803772981252,0
33.50604083006499,93.14390452483993,14.093615254732935,2.6148775332168466,34.03871042545057,175.1318341542335,29.84259384438797,Sidi-Bel-Abbes,31.251581492517033,1
31.887391180190946,29.42008663121129,4.037069042458967,1.0344969243894142,54.14076073475852,285.6665357092784,46.409104905697575,Bejaia,70.86248069663759,0
23.138882928986597,66.12131804114028,13.468648666498346,0.1202837811950537,15.41450431784871,12.726689462067508,46.45697600077314,Sidi-Bel-Abbes,13.757921107906679,1
23.187727997192688,41.92441765497648,19.39824092214541,0.0905025391125864,55.37114853580112,79.59784126664009,17.095263905274514,Sidi-Bel-Abbes,35.21653634841985,1
35.81295409901646,64.33424020126347,1.8780143157883677,0.6102352625403823,54.1704812410004,180.46616378994722,26.38387331108475,Sidi-Bel-Abbes,43.178241505157665,1
27.239791140585684,72.11363106814915,13.452042364502525,2.3049572840955124,76.190181260487,88.96797366177921,10.58179492849306,Sidi-Bel-Abbes,31.028481010339345,1
27.188990058936472,86.37934429657614,8.875004386091423,1.8448640760311763,83.36499619375856,214.32724922137265,49.78155547494417,Bejaia,56.11376064970797,0
33.37919394160504,36.513701740848255,17.362845087550106,2.3311109947103965,44.044135031242405,227.7015847565793,49.05589539339679,Bejaia,60.450747511056775,0
35.261480083374025,20.879666292678436,3.542995788947718,1.0924437498227821,30.233324935149376,30.754789219942335,32.475446485372366,Sidi-Bel-Abbes,25.29366427121095,1
35.80401489352019,30.950850405504582,13.85251904452329,0.8702608678468549,25.933489731709447,154.15633926203031,40.22070298387367,Sidi-Bel-Abbes,45.06480085485568,1
32.54729459362518,92.0014913478484,16.762305792962206,0.23928957634032427,19.462383670487192,152.66716667731677,35.755008064185,Sidi-Bel-Abbes,23.706487381445115,1
27.26763419743282,89.91120620500122,18.892284389480466,0.596675722998548,5.764758219902488,110.78423106466232,29.65791095197341,Sidi-Bel-Abbes,18.326769489546727,1
23.169010033781362,67.79304817362467,13.664960565792917,0.8537931258288498,34.244797883471335,279.8774587709016,2.6673998494448847,Sidi-Bel-Abbes,46.68511221141152,1
32.880056822984116,68.04134883469227,9.943495280168547,0.1391608074038426,27.024769213078326,248.25189596196637,22.738217127633053,Sidi-Bel-Abbes,45.83002582077629,1
29.81765949630127,73.20293396370045,12.356944804024277,0.3738693329709195,96.64173858664074,209.16281457289102,33.739315108370526,Sidi-Bel-Abbes,62.4973100891639,1
27.93910812945767,34.02970228987597,17.378099689574363,1.3677956706881413,55.77088262500439,214.29799072049926,33.876580694184234,Sidi-Bel-Abbes,55.55859473281118,1
34.6889613913263,93.15295567399679,11.412194932776593,1.9957963603645514,34.72770390305075,138.51484314393574,18.65613092111918,Bejaia,25.67257353992539,0
23.556764752286117,53.50164199136585,0.6077411939367372,5.1890937900004435,58.0467600993696,276.2983563289728,47.084599332901526,Bejaia,64.85351121958614,0
28.89675146007203,50.65108225995979,18.618973910139555,4.057133406606473,13.91967013456955,208.37862817598563,8.36785161183905,Bejaia,35.67210120459826,0
22.158951026743868,61.513416422627,13.790535020631223,1.5432034647043087,44.40437492022029,218.69431849674493,25.01797231077803,Sidi-Bel-Abbes,44.06786733097135,1
28.561248987917768,23.757277342004404,13.53026771554493,0.8203219649228966,62.62343214210638,258.5072711362036,34.54419882754114,Sidi-Bel-Abbes,66.81116481341758,1
22.78824585954572,33.30266950048635,4.3135030479543435,1.5166331936697817,48.889783179245136,82.2214768026573,34.85679029459046,Sidi-Bel-Abbes,33.879796333979684,1
23.663450827753007,79.04268931410964,13.177709404653143,2.310228952114639,40.177880065432426,242.1212711600109,32.43194783844078,Bejaia,46.300786173745,0
23.64536745487947,26.623893434010117,7.87728811308317,0.18891669672905104,99.38483888996981,58.57218088694761,13.764410672593009,Sidi-Bel-Abbes,36.73120139270006,1
31.08894422962489,68.25216875731105,13.024659540829841,0.7912073267545934,88.0314762148927,103.60258567346635,7.810328434331098,Bejaia,35.59681318122924,0
32.444628309715924,39.627928774505676,2.1318606061598144,2.747019767757046,62.34059581594401,100.68313628095281,31.797016341335542,Sidi-Bel-Abbes,37.68519365013351,1
30.167162711360234,51.143649123358124,13.156906092060721,0.7263557554273699,56.93773611822828,293.5576405167422,29.965105806971888,Bejaia,64.82897850501949,0
35.47041567864359,43.09549894165599,19.98827451541333,1.2725005443150676,62.06604798245841,256.96116712437805,8.967800514462049,Bejaia,61.59895052256575,0
27.248188113331857,48.45381731719593,0.9642407772111206,1.3292584237976084,20.131210782243325,210.3509584770779,35.25695727852817,Bejaia,42.96865267936637,0
25.99996920794605,77.52367241473964,19.543483684426345,0.3058871069255264,39.51377432643186,218.11702848461704,22.75859958668282,Sidi-Bel-Abbes,38.791884384947565,1
34.16038779465244,43.769737249854,8.138159214457412,0.6746791418233956,3.945953289089932,168.62183832077133,33.38802958015765,Bejaia,37.73267681795263,0
25.13034173927234,65.31237122375177,17.415069006745185,0.6108504061329525,47.554603748682666,284.12720013255574,41.868353988507536,Sidi-Bel-Abbes,60.414343034178614,1
35.48511555216856,58.08403217592797,15.64770968116547,0.03981893282200442,54.302458395766315,148.87762586470845,8.486421428846159,Sidi-Bel-Abbes,41.74550964896248,1
22.170162645657427,73.09369322901185,11.340325219733355,0.03673378690579548,22.77497361032096,114.15531296096836,0.9572433998418339,Sidi-Bel-Abbes,17.626571233439485,1
35.57830357390695,94.94637914598064,14.76898418502653,2.672984418208709,96.40288471655137,48.9106010794773,38.955129319789336,Sidi-Bel-Abbes,35.06324754939789,1
22.604238767308065,78.60576777682002,17.57031122602696,0.47838930964505255,90.9454610937242,235.8616956783174,30.484871257630797,Sidi-Bel-Abbes,58.79351032737303,1
34.476003591772994,37.19523028726054,8.082806433020659,1.094961890577781,72.21432354559059,220.33317962267742,34.98197848110608,Bejaia,64.79908483440109,0
29.387815527208197,22.494650804902776,6.540663231264774,0.5322839851198395,53.33866287653626,115.30651155724047,41.90774874943213,Sidi-Bel-Abbes,45.30197905800175,1
35.90150714567021,40.98112354398601,13.351867711271694,4.237194054237785,86.99691596476849,7.558024187768808,40.14054674122502,Sidi-Bel-Abbes,34.86849966088747,1
23.033151906295583,67.60623445602039,16.15691883882517,0.4502328273008915,13.065234382346292,251.6991983154032,48.046007346441236,Sidi-Bel-Abbes,50.94247247685735,1
29.753959981618493,24.114065078740026,15.245702695532316,0.8422755246278857,79.0509794274885,3.4253950362220897,26.79675394260591,Sidi-Bel-Abbes,33.719981975991004,1
35.57023549866739,59.70929977609891,15.95627297717269,3.092169649673389,12.48208139668483,211.1099338887153,24.42478163299527,Sidi-Bel-Abbes,41.632890277075376,1
29.323369818382083,67.74742791335115,8.71166629625866,2.7671098064731927,79.42106625494054,291.0771329178171,20.094359994536504,Bejaia,61.2606639938742,0
30.811580933893676,46.73951126535687,16.35668432350043,0.30887926903584295,27.576756825135696,131.29839844446104,7.684552142210227,Bejaia,27.867430915186258,0
31.74048164578464,81.67297629966575,2.404181107412169,2.434113865873191,87.7090581018189,70.49202149878583,28.63036164410112,Sidi-Bel-Abbes,32.11733605670328,1
28.363574906748823,28.527860250701742,10.889781959216991,0.9192512197236824,94.40420938253979,211.46130301301451,13.85062621629894,Bejaia,62.726458030177874,0
30.785813121176886,26.0110225388647,0.11517320996243141,0.9894782963306888,14.879596940511563,245.13844260467553,46.06537561064877,Bejaia,52.42736319838376,0
30.180400366923404,78.25510049628826,6.4917165980054055,0.21490508534685399,46.267560506539354,163.9290948233542,29.15954021385488,Sidi-Bel-Abbes,36.62549478411856,1
34.61621214687385,59.63930529649588,7.329230697427958,0.12605346310998505,98.09873781626851,290.11058257684385,29.642009025405507,Bejaia,76.69070934482818,0
22.63624932478041,75.07219171421889,7.923453832185108,1.9525951521771585,48.34074359731466,15.50061649738833,17.746233043850502,Sidi-Bel-Abbes,12.120024946008009,1
25.933484654291224,54.7861870882997,13.909344133797244,1.0291416218952751,86.35475225145451,151.43867949135844,2.5994675988853744,Bejaia,41.348661923346484,0
35.305760777071825,39.712162659128545,7.771162025406914,0.8613157562116969,58.87315221313199,215.53618419676502,1.587188268649431,Bejaia,50.87197411172745,0
34.46369297447283,85.52818541393597,8.973872452450614,1.9612704019725569,37.53299079196019,258.7921413447537,21.166757207659874,Bejaia,45.20891201675495,0
28.379194538999982,83.95327031751833,4.75088261748655,2.175532048451078,28.57835555258702,53.776683572337014,4.228268904861893,Sidi-Bel-Abbes,7.499528858126764,1
30.681856369221514,75.57571766835414,7.465035832586802,0.2595816461405992,20.322309108608728,240.00104452910443,30.342347777006957,Bejaia,41.50518276802954,0
25.88333656173586,41.771610978397014,4.545392545263029,1.4132790193752705,76.17981913776973,165.8121227155636,44.04865028198287,Bejaia,51.72237183565882,0
24.633696236132657,67.21845334952697,1.4639184753688728,0.21815279929181208,38.65405068230279,118.96610459698897,44.14574082593611,Sidi-Bel-Abbes,27.971496473675025,1
28.491777669159752,48.87791175520214,12.068971867627559,2.087714831741024,51.12754622007512,39.514508573728065,32.95227050661162,Sidi-Bel-Abbes,25.41773282604146,1
26.94693119236474,27.326565866130732,13.364255971100325,1.604841150923916,49.23254800011819,259.5887276726737,10.56159157364655,Bejaia,56.70046965702123,0
30.17118556591221,93.38508603697943,12.38980692019229,4.7064491789404865,57.727902923313124,47.18196245391461,43.149841567943604,Sidi-Bel-Abbes,16.042505615012228,1
23.08828491750979,30.945490473516912,9.269880876011447,0.10717636126279842,86.55771456245522,92.93635776272977,44.30467176566041,Bejaia,50.66391258298367,0
35.64152730732633,96.0189883056642,7.595715603584596,0.0881205402372562,98.07393435834294,87.01365958873106,9.832679247647935,Bejaia,34.33381350343735,0
35.806950422714436,55.68046183663646,17.266672991436504,0.49731944039229603,40.758420857381694,261.4242102572563,36.871304288533864,Sidi-Bel-Abbes,58.171157924953924,1
